<?xml version="1.0" encoding="UTF-8"?>
<feature
      id="org.eclipse.uomo"
      label="Eclipse UOMo"
      version="0.6.0.RC2"
      provider-name="Eclipse.org">

   <description url="http://www.eclipse.org/uomo">
      [Enter Feature Description here.]
   </description>

   <copyright url="http://www.example.com/copyright">
      [Enter Copyright Description here.]
   </copyright>

   <license url="http://www.example.com/license">
      [Enter License Description here.]
   </license>

   <requires>
      <import plugin="com.ibm.icu" version="4.2.0" match="greaterOrEqual"/>
      <import plugin="org.eclipse.uomo.core" version="0.1.0" match="greaterOrEqual"/>
      <import plugin="org.unitsofmeasurement.unit-api" version="0.6.0" match="greaterOrEqual"/>
      <import plugin="org.eclipse.osgi"/>
      <import plugin="org.eclipse.uomo.core" version="0.2.0" match="greaterOrEqual"/>
      <import plugin="org.eclipse.core.runtime" version="3.6.0" match="greaterOrEqual"/>
      <import plugin="org.xmlpull.v1" version="1.1.3" match="greaterOrEqual"/>
      <import plugin="org.eclipse.uomo.util" version="0.2.6" match="greaterOrEqual"/>
      <import plugin="org.eclipse.uomo.xml" version="0.2.0" match="greaterOrEqual"/>
      <import plugin="org.eclipse.uomo.units" version="0.5.0" match="greaterOrEqual"/>
      <import plugin="org.eclipse.osgi" version="3.6.0" match="greaterOrEqual"/>
      <import plugin="org.eclipse.osgi.services" version="3.2.100" match="greaterOrEqual"/>
   </requires>

   <plugin
         id="org.eclipse.uomo.units"
         download-size="0"
         install-size="0"
         version="0.5.5.SNAPSHOT"
         unpack="false"/>

   <plugin
         id="org.eclipse.uomo.util"
         download-size="0"
         install-size="0"
         version="0.3.0.SNAPSHOT"
         unpack="false"/>

   <plugin
         id="org.eclipse.uomo.xml"
         download-size="0"
         install-size="0"
         version="0.3.0.SNAPSHOT"
         unpack="false"/>

   <plugin
         id="org.eclipse.uomo.ucum"
         download-size="0"
         install-size="0"
         version="0.1.0.SNAPSHOT"
         unpack="false"/>

   <plugin
         id="org.eclipse.uomo.business"
         download-size="0"
         install-size="0"
         version="0.1.0.SNAPSHOT"
         unpack="false"/>

   <plugin
         id="org.eclipse.uomo.core"
         download-size="0"
         install-size="0"
         version="0.2.0.SNAPSHOT"
         unpack="false"/>

   <plugin
         id="org.xmlpull.v1"
         download-size="0"
         install-size="0"
         version="1.1.3.4"/>

</feature>
